gyrA.1	1	1	.	.	Quinolone Resistance
gyrA.1	1	1	G81D	gyrA	Quinolone Resistance
gyrA.1	1	1	D82G	gyrA	Quinolone Resistance
gyrA.1	1	1	S83L	gyrA	Quinolone Resistance
gyrA.1	1	1	Q106H	gyrA	Quinolone Resistance
gyrA.1	1	1	A196E	gyrA	Quinolone Resistance
parC.1	1	1	.	.	Quinolone Resistance
parC.1	1	1	S57T	parC	Quinolone Resistance
parC.1	1	1	F60I	parC	Quinolone Resistance
parC.1	1	1	F60K	parC	Quinolone Resistance
parC.1	1	1	G78C	parC	Quinolone Resistance
parE.1	1	1	.	.	Quinolone Resistance
parE.1	1	1	I355T	parE	Quinolone Resistance
parE.1	1	1	L416F	parE	Quinolone Resistance
parE.1	1	1	G423R	parE	Quinolone Resistance
parE.1	1	1	P439S	parE	Quinolone Resistance
parE.1	1	1	I444F	parE	Quinolone Resistance
parE.1	1	1	S458A	parE	Quinolone Resistance
parE.1	1	1	S458T	parE	Quinolone Resistance
parE.1	1	1	E460D	parE	Quinolone Resistance
parE.1	1	1	I464F	parE	Quinolone Resistance
parE.1	1	1	I470M	parE	Quinolone Resistance
parE.1	1	1	D476N	parE	Quinolone Resistance
parE.1	1	1	I529L	parE	Quinolone Resistance
pmrA.1	1	1	S39I	pmrA	Colistin Resistance
pmrA.1	1	1	R81S	pmrA	Colistin Resistance
