grlA.1	1	1	S80F	grlA	Quinolone resistance
grlA.1	1	1	I385F	grlA	Quinolone resistance
grlA.1	1	1	V694M	grlA	Quinolone resistance
grlB.1	1	1	R404L	grlB	Quinolone resistance
grlB.1	1	1	P451S	grlB	Quinolone resistance
grlB.1	1	1	D530G	grlB	Quinolone resistance
gyrA.1	1	1	.	.	Quinolone resistance
gyrA.1	1	1	S84L	gyrA	Quinolone resistance
gyrA.1	1	1	D402E	gyrA	Quinolone resistance
gyrA.1	1	1	V598I	gyrA	Quinolone resistance
gyrA.1	1	1	E815D	gyrA	Quinolone resistance
gyrA.1	1	1	D816E	gyrA	Quinolone resistance
gyrA.1	1	1	E859V	gyrA	Quinolone resistance
